<?xml version="1.0" encoding="UTF-8"?>
<!DOCTYPE mapper
        PUBLIC "-//mybatis.org//DTD Mapper 3.0//EN"
        "http://mybatis.org/dtd/mybatis-3-mapper.dtd">
<mapper namespace="com.guet.dao.BucketDao">
    <!-- 目的：为dao接口方法提供sql语句配置 -->

    <resultMap id="BucketMap" type="com.guet.entity.Bucket">
        <result property="id" column="id"/>
        <result property="code" column="code"/>
        <result property="child" column="child"/>
        <result property="bus_share_id" column="bus_share_id"/>
        <result property="is_centre" column="is_centre"/>
        <result property="s_distance" column="s_distance"/>
        <result property="s_duration" column="s_duration"/>
        <result property="d_distance" column="d_distance"/>
        <result property="d_duration" column="d_duration"/>
        <result property="riding_distance" column="riding_distance"/>
        <result property="riding_duration" column="riding_duration"/>
        <result property="driving_distance" column="driving_distance"/>
        <result property="driving_duration" column="driving_duration"/>
    </resultMap>

    <insert id="add">
        INSERT INTO bucket
        (id,code,child,bus_share_id,s_distance,s_duration,d_distance,d_duration,riding_distance,riding_duration,driving_distance,driving_duration)
        VALUES
        <foreach collection="list" item="item" separator=",">
            (#{item.id},#{item.code},#{item.child},#{item.bus_share_id},#{item.s_distance},#{item.s_duration},#{item.d_distance},#{item.d_duration},#{item.riding_distance},#{item.riding_duration},#{item.driving_distance},#{item.driving_duration})
        </foreach>
    </insert>

    <update id="update">
        UPDATE bucket
        SET s_distance=#{s_distance},s_duration=#{s_duration},d_distance=#{d_distance},d_duration=#{d_duration},riding_distance=#{riding_distance},riding_duration=#{riding_duration},driving_distance=#{driving_distance},driving_duration=#{driving_duration}
        WHERE id = #{id}
    </update>

    <select id="queryExist" resultType="java.lang.Integer">
        SELECT COUNT(1)
        FROM bucket
        WHERE code = #{code} AND bus_share_id = #{bus_share_id}
	</select>

    <select id="queryBucketNo" resultType="java.lang.Integer">
        SELECT ifnull(MAX(code),0) as code
        FROM bucket
	</select>

    <select id="queryUpdateBucketNo" resultType="Bucket">
        SELECT id,code,child,bus_share_id,s_distance,s_duration,d_distance,d_duration,riding_distance,riding_duration,driving_distance,driving_duration
        FROM bucket where
         <![CDATA[
        s_distance<=0 or d_distance<=0 or riding_distance<=0 or driving_distance<=0
        ]]>
        ORDER BY code
	</select>

    <select id="queryAll" resultType="Bucket" parameterType="int"  resultMap="BucketMap">
        SELECT id,code,child,bus_share_id,s_distance,s_duration,d_distance,d_duration,riding_distance,riding_duration,driving_distance,driving_duration
        FROM bucket
        WHERE code = #{code}
	</select>

</mapper>