<?xml version="1.0" encoding="UTF-8"?>
<!DOCTYPE mapper
        PUBLIC "-//mybatis.org//DTD Mapper 3.0//EN"
        "http://mybatis.org/dtd/mybatis-3-mapper.dtd">
<mapper namespace="com.guet.dao.BusShareDao">
    <!-- 目的：为dao接口方法提供sql语句配置 -->

    <resultMap id="BusShareMap" type="com.guet.entity.BusShare">
        <result property="id" column="id"/>
        <result property="code" column="code"/>
        <result property="slot" column="slot"/>
        <result property="s_dt" column="s_dt"/>
        <result property="s_lng" column="s_lng"/>
        <result property="s_lat" column="s_lat"/>
        <result property="d_dt" column="d_dt"/>
        <result property="d_lng" column="d_lng"/>
        <result property="d_lat" column="d_lat"/>
    </resultMap>

    <resultMap id="ScopeMap" type="com.guet.entity.Scope">
        <result property="s_lng_max" column="s_lng_max"/>
        <result property="s_lng_min" column="s_lng_min"/>
        <result property="s_lat_max" column="s_lat_max"/>
        <result property="s_lat_min" column="s_lat_min"/>
        <result property="d_lng_max" column="d_lng_max"/>
        <result property="d_lng_min" column="d_lng_min"/>
        <result property="d_lat_max" column="d_lat_max"/>
        <result property="d_lat_min" column="d_lat_min"/>
    </resultMap>

    <insert id="add">
        INSERT INTO info
        (id,code,s_dt,s_lng,s_lat,d_dt,d_lng,d_lat)
        VALUES
        <foreach collection="list" item="item" separator=",">
            (#{item.id},#{item.code},#{item.s_dt},#{item.s_lng},#{item.s_lat},#{item.d_dt},#{item.d_lng},#{item.d_lat})
        </foreach>
    </insert>

    <select id="queryCount" resultType="int">
        SELECT COUNT(1)
        FROM info
	</select>

    <select id="getList" resultType="BusShare" resultMap="BusShareMap">
        SELECT id,
            s_lng,
            s_lat,
            d_lng,
            d_lat
        FROM info where id not in (select bus_share_id from routes)
	</select>

    <select id="getScope" resultType="Scope" resultMap="ScopeMap">
        SELECT min(s_lng) s_lng_min,max(s_lng) s_lng_max,min(s_lat) s_lat_min,max(s_lat) s_lat_max,
               min(d_lng) d_lng_min,max(d_lng) d_lng_max,min(d_lat) d_lat_min,max(d_lat) d_lat_max
        FROM info
    </select>

    <select id="getAll" resultType="BusShare" resultMap="BusShareMap">
        SELECT id,code,s_dt,s_lng,s_lat,d_dt,d_lng,d_lat
        FROM info
    </select>

    <select id="queryAll" resultType="BusShare" parameterType="int" resultMap="BusShareMap">
        SELECT id,
            code,
            s_dt,
            s_lng,
            s_lat,
            d_dt,
            d_lng,
            d_lat
        FROM info
		LIMIT #{offset}, #{limit}
	</select>

    <select id="queryList" resultType="BusShare" resultMap="BusShareMap">
        SELECT id,code,s_dt,s_lng,s_lat,d_dt,d_lng,d_lat
        FROM info
        limit #{PageSize},#{PageCount}
	</select>

    <select id="queryBucket" resultType="BusShare" parameterType="int" resultMap="BusShareMap">
        SELECT info.id,
            info.code,
            s_dt,
            s_lng,
            s_lat,
            d_dt,
            d_lng,
            d_lat
        FROM info
        LEFT JOIN bucket ON bucket.bus_share_id=info.id
        where bucket.code=#{code}
	</select>

    <select id="queryNext" resultType="BusShare" parameterType="int" resultMap="BusShareMap">
        SELECT id,
            code,
            s_dt,
            s_lng,
            s_lat,
            d_dt,
            d_lng,
            d_lat
        FROM info
		LIMIT #{offset}, 1
	</select>

    <select id="getModel" resultType="BusShare" parameterType="string" resultMap="BusShareMap">
        SELECT id,
            code,
            s_dt,
            s_lng,
            s_lat,
            d_dt,
            d_lng,
            d_lat
        FROM info
		WHERE id=#{id}
	</select>

    <delete id="delete" parameterType="BusShare">
        DELETE
        FROM info
		WHERE id in (<foreach collection="list" item="item" separator=",">#{item.id}</foreach>)
    </delete>
</mapper>