<?xml version="1.0" encoding="UTF-8"?>
<!DOCTYPE mapper
        PUBLIC "-//mybatis.org//DTD Mapper 3.0//EN"
        "http://mybatis.org/dtd/mybatis-3-mapper.dtd">
<mapper namespace="com.guet.dao.BusStationDao">
    <!-- 目的：为dao接口方法提供sql语句配置 -->

    <resultMap id="BusStationMap" type="com.guet.entity.BusStation">
        <result property="id" column="id"/>
        <result property="name" column="name"/>
        <result property="lng" column="lng"/>
        <result property="lat" column="lat"/>
        <result property="address" column="address"/>
    </resultMap>

    <insert id="add">
        INSERT INTO bus_station
        (id,name,lng,lat,address)
        VALUES
        <foreach collection="list" item="item" separator=",">
        (#{item.id},#{item.name},#{item.lng},#{item.lat},#{item.address})
        </foreach>
    </insert>

    <select id="queryExist" resultType="java.lang.Integer">
        SELECT COUNT(1)
        FROM bus_station
        WHERE id = #{id}
	</select>

    <select id="queryCount" resultType="int">
        SELECT COUNT(1)
        FROM bus_station
	</select>

    <select id="getList" resultType="BusStation" resultMap="BusStationMap">
        SELECT id,name,lng,lat,address
        FROM bus_station
	</select>

</mapper>