<?xml version="1.0" encoding="UTF-8"?>
<!DOCTYPE mapper
        PUBLIC "-//mybatis.org//DTD Mapper 3.0//EN"
        "http://mybatis.org/dtd/mybatis-3-mapper.dtd">
<mapper namespace="com.guet.dao.ClusterDao">
    <!-- 目的：为dao接口方法提供sql语句配置 -->

    <resultMap id="ClusterMap" type="com.guet.entity.Cluster">
        <result property="id" column="id"/>
        <result property="code" column="code"/>
        <result property="lng" column="lng"/>
        <result property="lat" column="lat"/>
    </resultMap>

    <insert id="add">
        INSERT INTO cluster
        (id,code,lng,lat)
        VALUES
        <foreach collection="list" item="item" separator=",">
            (#{item.id},#{item.code},#{item.lng},#{item.lat})
        </foreach>
    </insert>

</mapper>