<?xml version="1.0" encoding="UTF-8"?>
<!DOCTYPE mapper
        PUBLIC "-//mybatis.org//DTD Mapper 3.0//EN"
        "http://mybatis.org/dtd/mybatis-3-mapper.dtd">
<mapper namespace="com.guet.dao.DataDao">
    <!-- 目的：为dao接口方法提供sql语句配置 -->

    <resultMap id="DataMap" type="com.guet.entity.Data">
        <result property="code" column="code"/>
        <result property="lat" column="lat"/>
        <result property="lng" column="lng"/>
        <result property="is_carry" column="is_carry"/>
        <result property="dt" column="dt"/>
    </resultMap>

    <insert id="add">
        INSERT INTO data
        (id,code,lat,lng,is_carry,dt)
        VALUES
        <foreach collection="list" item="item" separator=",">
        (UUID(),#{item.code},#{item.lat},#{item.lng},#{item.is_carry},#{item.dt})
        </foreach>
    </insert>

    <select id="queryCode" resultType="java.lang.Integer">
        SELECT DISTINCT(code) FROM data ORDER BY code
	</select>

    <select id="getModel" resultType="Data" resultMap="DataMap" parameterType="int">
        SELECT code,lat,lng,is_carry,dt FROM data WHERE code=#{code} ORDER BY dt
	</select>

</mapper>