<?xml version="1.0" encoding="UTF-8"?>
<!DOCTYPE mapper
        PUBLIC "-//mybatis.org//DTD Mapper 3.0//EN"
        "http://mybatis.org/dtd/mybatis-3-mapper.dtd">
<mapper namespace="com.guet.dao.DepotDao">
    <!-- 目的：为dao接口方法提供sql语句配置 -->

    <resultMap id="LocationMap" type="com.guet.entity.Location">
        <result property="id" column="id"/>
        <result property="code" column="code"/>
        <result property="lng" column="lng"/>
        <result property="lat" column="lat"/>
    </resultMap>

    <select id="queryAll" resultType="Location" resultMap="LocationMap">
        SELECT id,code,lng,lat
        FROM depot order by code
	</select>

    <select id="queryStation" resultType="Location" resultMap="LocationMap">
        SELECT id,code,lng,lat
        FROM station order by code
	</select>

    <select id="queryClusters" resultType="Location" parameterType="int" resultMap="LocationMap">
        SELECT id,code,lng,lat FROM cluster where code=#{code}
	</select>

    <select id="queryAllClusters" resultType="Location" resultMap="LocationMap">
        SELECT id,code,lng,lat FROM cluster
	</select>

</mapper>