<?xml version="1.0" encoding="UTF-8"?>
<!DOCTYPE mapper
        PUBLIC "-//mybatis.org//DTD Mapper 3.0//EN"
        "http://mybatis.org/dtd/mybatis-3-mapper.dtd">
<mapper namespace="com.guet.dao.DharcDao">
    <!-- 目的：为dao接口方法提供sql语句配置 -->

    <resultMap id="ArcMap" type="com.guet.entity.Arc">
        <result property="id" column="id"/>
        <result property="s_id" column="s_id"/>
        <result property="d_id" column="d_id"/>
        <result property="distance" column="distance"/>
        <result property="duration" column="duration"/>
        <result property="cost" column="cost"/>
    </resultMap>

    <select id="queryExist" resultType="java.lang.Integer">
        SELECT COUNT(1)
        FROM dharc
        WHERE s_id = #{s_id} AND d_id = #{d_id}
	</select>

    <insert id="add">
        INSERT INTO dharc
        (id,s_id,d_id,distance,duration)
        VALUES
        <foreach collection="list" item="item" separator=",">
            (#{item.id},#{item.s_id},#{item.d_id},#{item.distance},#{item.duration})
        </foreach>
    </insert>

    <update id="update">
        UPDATE dharc
        SET distance=#{distance},duration=#{duration}
        WHERE s_id = #{s_id} AND d_id = #{d_id}
    </update>

    <update id="updateCost">
        UPDATE dharc
        SET cost=#{cost}
        WHERE id = #{id}
    </update>

    <select id="queryAll" resultType="Arc" resultMap="ArcMap">
        SELECT id,s_id,d_id,distance,duration,cost
        FROM dharc
	</select>

    <select id="getModel" resultType="Arc" resultMap="ArcMap">
        SELECT id,s_id,d_id,distance,duration,cost
        FROM dharc
        WHERE id = #{id}
	</select>

    <select id="queryCount" resultType="int">
        SELECT COUNT(1)
        FROM dharc
	</select>

	<select id="getList" resultType="Arc" resultMap="ArcMap">
        SELECT id,s_id,d_id,distance,duration,cost
        FROM dharc WHERE s_id in (SELECT id FROM trip) and d_id in (SELECT id FROM trip) and cost is not null
        limit #{PageSize},#{PageCount}
	</select>


    <delete id="delete" parameterType="Arc">
        DELETE
        FROM dharc
        WHERE id in (<foreach collection="list" item="item" separator=",">#{item}</foreach>)
    </delete>

    <select id="queryArcNum" resultType="int">
        SELECT COUNT(C.DEPARTURE) AS num FROM dharc A
        LEFT JOIN TRIP_2000 B ON A.S_ID=B.ID
        LEFT JOIN TRIP_2000 C ON A.D_ID=C.ID
        WHERE B.DEPARTURE=#{departure} GROUP BY C.DEPARTURE ORDER BY C.DEPARTURE
    </select>
</mapper>