<?xml version="1.0" encoding="UTF-8"?>
<!DOCTYPE mapper
        PUBLIC "-//mybatis.org//DTD Mapper 3.0//EN"
        "http://mybatis.org/dtd/mybatis-3-mapper.dtd">
<mapper namespace="com.guet.dao.LineDao">
    <!-- 目的：为dao接口方法提供sql语句配置 -->

    <resultMap id="LineMap" type="com.guet.entity.Line">
        <result property="id" column="id"/>
        <result property="code" column="code"/>
        <result property="s_trip" column="s_trip"/>
        <result property="d_trip" column="d_trip"/>
        <result property="s_depot" column="s_depot"/>
        <result property="d_depot" column="d_depot"/>
        <result property="s_dt" column="s_dt"/>
        <result property="d_dt" column="d_dt"/>
    </resultMap>

    <select id="queryAll" resultType="Line" resultMap="LineMap">
        SELECT id,code,s_trip,d_trip,s_depot,d_depot,s_dt,d_dt FROM line
	</select>

    <update id="update">
        UPDATE line
        SET s_depot=#{s_depot},d_depot=#{d_depot},s_dt=#{s_dt},d_dt=#{d_dt}
        WHERE id=#{id}
    </update>

</mapper>