<?xml version="1.0" encoding="UTF-8"?>
<!DOCTYPE mapper
        PUBLIC "-//mybatis.org//DTD Mapper 3.0//EN"
        "http://mybatis.org/dtd/mybatis-3-mapper.dtd">
<mapper namespace="com.guet.dao.PullarcDao">
    <!-- 目的：为dao接口方法提供sql语句配置 -->

    <resultMap id="ArcMap" type="com.guet.entity.Arc">
        <result property="id" column="id"/>
        <result property="s_id" column="s_id"/>
        <result property="d_id" column="d_id"/>
        <result property="distance" column="distance"/>
        <result property="duration" column="duration"/>
        <result property="cost" column="cost"/>
    </resultMap>

    <insert id="add">
        INSERT INTO pullarc
        (id,s_id,d_id,distance,duration)
        VALUES
        <foreach collection="list" item="item" separator=",">
            (#{item.id},#{item.s_id},#{item.d_id},#{item.distance},#{item.duration})
        </foreach>
    </insert>

    <update id="update">
        UPDATE pullarc
        SET distance=#{distance},duration=#{duration}
        WHERE s_id = #{s_id} AND d_id = #{d_id}
    </update>

    <update id="updateCost">
        UPDATE pullarc
        SET cost=#{cost}
        WHERE id = #{id}
    </update>

    <select id="queryAll" resultType="Arc" resultMap="ArcMap">
        SELECT id,s_id,d_id,distance,duration,cost
        FROM pullarc
	</select>

    <select id="getModel" resultType="Arc" resultMap="ArcMap">
        SELECT id,s_id,d_id,distance,duration,cost
        FROM pullarc
        WHERE id = #{id}
	</select>
</mapper>