<?xml version="1.0" encoding="UTF-8"?>
<!DOCTYPE mapper
        PUBLIC "-//mybatis.org//DTD Mapper 3.0//EN"
        "http://mybatis.org/dtd/mybatis-3-mapper.dtd">
<mapper namespace="com.guet.dao.RoutesDao">
    <!-- 目的：为dao接口方法提供sql语句配置 -->

    <resultMap id="RoutesMap" type="com.guet.entity.Routes">
        <result property="id" column="id"/>
        <result property="bus_share_id" column="bus_share_id"/>
        <result property="idx" column="idx"/>
        <result property="lng" column="lng"/>
        <result property="lat" column="lat"/>
    </resultMap>

    <insert id="add">
        INSERT INTO routes
        (id,bus_share_id,idx,lng,lat)
        VALUES
        <foreach collection="list" item="item" separator=",">
        (#{item.id},#{item.bus_share_id},#{item.idx},#{item.lng},#{item.lat})
        </foreach>
    </insert>

    <select id="queryCount" resultType="int">
        SELECT COUNT(1)
        FROM routes
	</select>

    <select id="getList" resultType="Routes" resultMap="RoutesMap">
        SELECT id,bus_share_id,idx,lng,lat
        FROM routes
	</select>

</mapper>