<?xml version="1.0" encoding="UTF-8"?>
<!DOCTYPE mapper
        PUBLIC "-//mybatis.org//DTD Mapper 3.0//EN"
        "http://mybatis.org/dtd/mybatis-3-mapper.dtd">
<mapper namespace="com.guet.dao.SequenceDao">
    <!-- 目的：为dao接口方法提供sql语句配置 -->

    <resultMap id="SequenceMap" type="com.guet.entity.Sequence">
        <result property="id" column="id"/>
        <result property="code" column="code"/>
        <result property="trip_id" column="trip_id"/>
        <result property="depot_id" column="depot_id"/>
    </resultMap>

    <delete id="truncate">
        truncate table sequence
	</delete>

    <insert id="add">
        INSERT INTO sequence
        (id,code,trip_id,depot_id)
        VALUES
        <foreach collection="list" item="item" separator=",">
            (#{item.id},#{item.code},#{item.trip_id},#{item.depot_id})
        </foreach>
    </insert>

    <select id="queryExist" resultType="java.lang.Integer">
        SELECT COUNT(1)
        FROM sequence
        WHERE code = #{code} AND trip_id = #{trip_id}
	</select>

    <select id="querySequenceNo" resultType="java.lang.Integer">
        SELECT ifnull(MAX(code),0) as code
        FROM sequence
	</select>

    <select id="queryAll" resultType="Sequence" parameterType="int"  resultMap="SequenceMap">
        SELECT id,code,trip_id,depot_id
        FROM sequence
        WHERE code = #{code}
	</select>

</mapper>