<?xml version="1.0" encoding="UTF-8"?>
<!DOCTYPE mapper
        PUBLIC "-//mybatis.org//DTD Mapper 3.0//EN"
        "http://mybatis.org/dtd/mybatis-3-mapper.dtd">
<mapper namespace="com.guet.dao.StopDao">
    <!-- 目的：为dao接口方法提供sql语句配置 -->

    <resultMap id="StopMap" type="com.guet.entity.RecommendStops">
        <result property="id" column="id"/>
        <result property="code" column="code"/>
        <result property="child" column="child"/>
        <result property="s_lng" column="s_lng"/>
        <result property="s_lat" column="s_lat"/>
        <result property="d_lng" column="d_lng"/>
        <result property="d_lat" column="d_lat"/>
        <result property="distance" column="distance"/>
        <result property="duration" column="duration"/>
    </resultMap>

    <insert id="add">
        INSERT INTO stop
        (id,code,child,s_lng,s_lat,d_lng,d_lat,distance,duration)
        VALUES
        (#{id},#{code},#{child},#{s_lng},#{s_lat},#{d_lng},#{d_lat},#{distance},#{duration})
    </insert>

    <update id="updateOrig">
        UPDATE stop
        SET s_lng=#{s_lng},s_lat=#{s_lat}
        WHERE id=#{id}
    </update>

    <update id="updateDest">
        UPDATE stop
        SET d_lng=#{d_lng},d_lat=#{d_lat}
        WHERE id=#{id}
    </update>

    <update id="updateDistance">
        UPDATE stop
        SET distance=#{distance},duration=#{duration}
        WHERE id=#{id}
    </update>

    <select id="queryAll" resultType="RecommendStops" resultMap="StopMap">
        SELECT id,code,child,s_lng,s_lat,d_lng,d_lat,distance,duration
        FROM stop
        ORDER BY code ASC;
	</select>

    <select id="getModel" resultType="RecommendStops" resultMap="StopMap">
        SELECT id,code,child,s_lng,s_lat,d_lng,d_lat,distance,duration
        FROM stop
        WHERE code = #{code}
	</select>
</mapper>