<?xml version="1.0" encoding="UTF-8"?>
<!DOCTYPE mapper
        PUBLIC "-//mybatis.org//DTD Mapper 3.0//EN"
        "http://mybatis.org/dtd/mybatis-3-mapper.dtd">
<mapper namespace="com.guet.dao.TripDao">
    <!-- 目的：为dao接口方法提供sql语句配置 -->

    <resultMap id="TripMap" type="com.guet.entity.Trip">
        <result property="id" column="id"/>
        <result property="code" column="code"/>
        <result property="departure" column="departure"/>
        <result property="s_lng" column="s_lng"/>
        <result property="s_lat" column="s_lat"/>
        <result property="d_lng" column="d_lng"/>
        <result property="d_lat" column="d_lat"/>
        <result property="distance" column="distance"/>
        <result property="duration" column="duration"/>
        <result property="cost" column="cost"/>
    </resultMap>

    <select id="queryCount" resultType="int">
        SELECT COUNT(1)
        FROM trip
	</select>

    <insert id="add">
        INSERT INTO trip
        (id,code,departure,s_lng,s_lat,d_lng,d_lat,distance,duration)
        VALUES
        (#{id},#{code},#{departure_dt},#{s_lng},#{s_lat},#{d_lng},#{d_lat},#{distance},#{duration})
    </insert>

    <select id="getTimetable" resultType="java.util.Date" >
        select distinct(departure) from trip order by departure_dt;
    </select>

    <select id="queryAll" resultType="Trip" resultMap="TripMap">
        SELECT id,code,departure,s_lng,s_lat,d_lng,d_lat,distance,duration,cost
        FROM trip
	</select>

    <select id="querySequence" resultType="Trip" parameterType="int" resultMap="TripMap">
        SELECT trip.id,
                trip.code,
                departure,
                s_lng,
                s_lat,
                d_lng,
                d_lat,
                distance,
                duration,
                cost
        FROM sequence left join trip on sequence.trip_id = trip.id
        where sequence.code=#{code}
	</select>

    <select id="getModel" resultType="Trip" resultMap="TripMap">
        SELECT id,code,departure,s_lng,s_lat,d_lng,d_lat,distance,duration,cost
        FROM trip
        WHERE id = #{id}
	</select>

    <delete id="delete" parameterType="Trip">
        DELETE
        FROM trip
        WHERE id in (<foreach collection="list" item="item" separator=",">#{item}</foreach>)
    </delete>

    <update id="update">
        UPDATE trip
        SET distance=#{distance},duration=#{duration}
        WHERE id=#{id}
    </update>

</mapper>