<?xml version="1.0" encoding="UTF-8"?>
<!DOCTYPE mapper
        PUBLIC "-//mybatis.org//DTD Mapper 3.0//EN"
        "http://mybatis.org/dtd/mybatis-3-mapper.dtd">
<mapper namespace="com.guet.dao.VertexDao">
    <!-- 目的：为dao接口方法提供sql语句配置 -->

    <resultMap id="VertexMap" type="com.guet.entity.Vertex">
        <result property="id" column="id"/>
        <result property="code" column="code"/>
        <result property="lng" column="lng"/>
        <result property="lat" column="lat"/>
    </resultMap>

    <select id="queryAll" resultType="Vertex" resultMap="VertexMap">
        SELECT id,code,lng,lat
        FROM vertex
	</select>

</mapper>